,Bin #,Score,Bins
0,Bin 34,8362.006839719552,"['P_10', 'P_8', 'P_9', 'P_4']"
1,Bin 16,8300.552015193394,"['P_6', 'P_3', 'P_1', 'P_9']"
2,Bin 27,8278.011209242064,"['P_3', 'P_6', 'P_7', 'P_2']"
3,Bin 24,8262.007142632625,"['P_9', 'P_2', 'P_7', 'P_6']"
4,Bin 6,7270.952073776247,"['P_8', 'P_4', 'P_10']"
5,Bin 40,7265.092788977167,"['P_4', 'P_1', 'P_8']"
6,Bin 38,7205.841875561472,"['P_4', 'P_6', 'P_9']"
7,Bin 15,7162.324656944736,"['P_1', 'P_7', 'P_6']"
8,Bin 29,7159.376641260611,"['P_7', 'P_6', 'P_10']"
9,Bin 9,7135.283172081848,"['P_6', 'P_1', 'P_8']"
10,Bin 26,7135.283172081848,"['P_8', 'P_1', 'P_6']"
11,Bin 10,7131.5755190771315,"['P_9', 'P_3', 'P_4']"
12,Bin 13,7083.786665892665,"['P_6', 'P_2', 'P_3']"
13,Bin 19,7077.2097865958785,"['P_5', 'P_4', 'P_9']"
14,Bin 25,7076.431889496241,"['P_4', 'P_3', 'P_5']"
15,Bin 32,7069.492421577801,"['P_7', 'P_2', 'P_3']"
16,Bin 14,6994.330238923478,"['P_3', 'P_5', 'P_8']"
17,Bin 28,6994.330238923478,"['P_3', 'P_8', 'P_5']"
18,Bin 12,6973.264742206585,"['P_3', 'P_6', 'P_7']"
19,Bin 23,6927.550480859718,"['P_6', 'P_5', 'P_7']"
20,Bin 30,6927.550480859718,"['P_5', 'P_6', 'P_7']"
21,Bin 37,5527.727673064932,"['P_1', 'P_4']"
22,Bin 31,5460.185712088784,"['P_9', 'P_4']"
23,Bin 2,5454.0819085498715,"['P_10', 'P_4']"
24,Bin 20,5454.0819085498715,"['P_4', 'P_10']"
25,Bin 1,5427.017310131373,"['P_2', 'P_10']"
26,Bin 22,5413.383868537303,"['P_8', 'P_1']"
27,Bin 8,5408.584514499922,"['P_2', 'P_4']"
28,Bin 21,5408.584514499922,"['P_4', 'P_2']"
29,Bin 4,5377.456449565123,"['P_1', 'P_6']"
30,Bin 39,5362.434845945861,"['P_2', 'P_9']"
31,Bin 7,5342.96690537591,"['P_9', 'P_10']"
32,Bin 3,5317.338320047099,"['P_1', 'P_7']"
33,Bin 18,5299.293869630417,"['P_10', 'P_8']"
34,Bin 17,5296.909529165366,"['P_4', 'P_6']"
35,Bin 11,5256.315156228811,"['P_5', 'P_2']"
36,Bin 35,5256.315156228811,"['P_2', 'P_5']"
37,Bin 36,5243.261238174912,"['P_3', 'P_2']"
38,Bin 33,5228.492346978233,"['P_3', 'P_4']"
39,Bin 5,5218.7487140109815,"['P_7', 'P_2']"
40,Bin 50,733.2169853345181,"['R_33', 'P_9', 'P_2']"
41,Bin 46,557.410312775723,"['P_3', 'R_29', 'P_1']"
42,Bin 45,248.18609443083713,"['P_4', 'R_15']"
43,Bin 42,243.3795380942658,"['P_2', 'R_38']"
44,Bin 41,226.15546364653667,"['P_6', 'P_7', 'R_14', 'R_10']"
45,Bin 49,213.80792020751232,"['P_4', 'R_40']"
46,Bin 47,164.90096360744144,"['P_6', 'R_6']"
47,Bin 43,0.0,"['P_2', 'P_9', 'R_8', 'R_40', 'R_22']"
48,Bin 44,0.0,"['R_14', 'R_10', 'R_15', 'R_17']"
49,Bin 48,0.0,['P_5']
