,precision,recall,f1-score,support
0,0.9333582228859436,1.0,0.9655305590421936,5000.0
1,1.0,0.9286,0.9629783262470186,5000.0
accuracy,0.9643,0.9643,0.9643,0.9643
macro avg,0.9666791114429718,0.9642999999999999,0.9642544426446061,10000.0
weighted avg,0.9666791114429718,0.9643,0.964254442644606,10000.0
