,precision,recall,f1-score,support
0,0.49188311688311687,0.303,0.375,5000.0
1,0.4963872832369942,0.687,0.5763422818791946,5000.0
accuracy,0.495,0.495,0.495,0.495
macro avg,0.4941352000600555,0.495,0.4756711409395973,10000.0
weighted avg,0.49413520006005557,0.495,0.4756711409395973,10000.0
